sample_id	PC1	PC2	PC3	PC4	PC5	run_clean	age_group	bam_path	run_key	age_group_clean	geo_accession_exp	biosample	experiment	age_group_geo	sample_name_geo	source_name	developmental_stage	gsm_id	ogv_id	cell	predicted_configuration
SRR12212404	-14.268312441406625	2.121845024769102	9.227262856901005	4.383942363778769	-0.7803837874636997	SRR12212404	old	/home/margaret/Documents/mouse_oocyte_project/star/SRR12212404.Aligned.sortedByCoord.out.bam	SRR12212404	old	GSM4669698	SAMN15520631	SRX8723008	old	GSM4669698	germinal vesicle (GV) oocyte	germinal vesicle (GV)	GSM4669698	oGV_10	oGV_10	SN
SRR12212405	-9.632024120024411	2.728230395556809	-5.050643946099305	-5.5726888244099735	-0.11765134371783698	SRR12212405	old	/home/margaret/Documents/mouse_oocyte_project/star/SRR12212405.Aligned.sortedByCoord.out.bam	SRR12212405	old	GSM4669699	SAMN15520630	SRX8723009	old	GSM4669699	germinal vesicle (GV) oocyte	germinal vesicle (GV)	GSM4669699	oGV_11A	oGV_11A	SN
SRR12212406	-4.389241846197158	8.210116161975689	1.6153331117879255	2.370725361883649	2.534991429339734	SRR12212406	old	/home/margaret/Documents/mouse_oocyte_project/star/SRR12212406.Aligned.sortedByCoord.out.bam	SRR12212406	old	GSM4669700	SAMN15520629	SRX8723010	old	GSM4669700	germinal vesicle (GV) oocyte	germinal vesicle (GV)	GSM4669700	oGV_11	oGV_11	SN
SRR12212407	-6.063782438462408	3.0355918154387562	-9.66134578431957	-6.511745426802084	2.378057956740001	SRR12212407	old	/home/margaret/Documents/mouse_oocyte_project/star/SRR12212407.Aligned.sortedByCoord.out.bam	SRR12212407	old	GSM4669701	SAMN15520628	SRX8723011	old	GSM4669701	germinal vesicle (GV) oocyte	germinal vesicle (GV)	GSM4669701	oGV_12A	oGV_12A	SN
SRR12212408	13.048036045898407	8.913617611430935	3.322097096638656	0.9269577833440543	-0.9631166267617641	SRR12212408	old	/home/margaret/Documents/mouse_oocyte_project/star/SRR12212408.Aligned.sortedByCoord.out.bam	SRR12212408	old	GSM4669702	SAMN15520627	SRX8723012	old	GSM4669702	germinal vesicle (GV) oocyte	germinal vesicle (GV)	GSM4669702	oGV_12	oGV_12	NSN
SRR12212409	1.429626503811002	0.6035010375793713	-11.08664782996563	-8.860397881184776	2.760421441370113	SRR12212409	old	/home/margaret/Documents/mouse_oocyte_project/star/SRR12212409.Aligned.sortedByCoord.out.bam	SRR12212409	old	GSM4669703	SAMN15520626	SRX8723013	old	GSM4669703	germinal vesicle (GV) oocyte	germinal vesicle (GV)	GSM4669703	oGV_13A	oGV_13A	SN
SRR12212410	-2.956526287158885	10.271065276840293	-2.84751500543241	4.582521909671202	3.878277078430966	SRR12212410	old	/home/margaret/Documents/mouse_oocyte_project/star/SRR12212410.Aligned.sortedByCoord.out.bam	SRR12212410	old	GSM4669704	SAMN15520625	SRX8723014	old	GSM4669704	germinal vesicle (GV) oocyte	germinal vesicle (GV)	GSM4669704	oGV_13	oGV_13	SN
SRR12212411	-7.979035594093082	-0.8412463061162448	-9.542913080291228	-3.881565525484972	4.087524675943823	SRR12212411	old	/home/margaret/Documents/mouse_oocyte_project/star/SRR12212411.Aligned.sortedByCoord.out.bam	SRR12212411	old	GSM4669705	SAMN15520624	SRX8723015	old	GSM4669705	germinal vesicle (GV) oocyte	germinal vesicle (GV)	GSM4669705	oGV_14A	oGV_14A	SN
SRR12212412	-2.575832146072193	8.78007310967063	-2.0857980750230576	2.300957818803716	5.495997903981203	SRR12212412	old	/home/margaret/Documents/mouse_oocyte_project/star/SRR12212412.Aligned.sortedByCoord.out.bam	SRR12212412	old	GSM4669706	SAMN15520623	SRX8723016	old	GSM4669706	germinal vesicle (GV) oocyte	germinal vesicle (GV)	GSM4669706	oGV_14	oGV_14	SN
SRR12212413	-11.148268045792937	-7.0801572899307414	-7.855768686024333	-8.013813932916023	5.263345246002016	SRR12212413	old	/home/margaret/Documents/mouse_oocyte_project/star/SRR12212413.Aligned.sortedByCoord.out.bam	SRR12212413	old	GSM4669707	SAMN15520648	SRX8723017	old	GSM4669707	germinal vesicle (GV) oocyte	germinal vesicle (GV)	GSM4669707	oGV_15A	oGV_15A	SN
SRR12212414	11.678294743263622	10.447356227805411	0.31578243486839597	6.921612975588813	6.172513511274089	SRR12212414	old	/home/margaret/Documents/mouse_oocyte_project/star/SRR12212414.Aligned.sortedByCoord.out.bam	SRR12212414	old	GSM4669708	SAMN15520647	SRX8723018	old	GSM4669708	germinal vesicle (GV) oocyte	germinal vesicle (GV)	GSM4669708	oGV_15	oGV_15	NSN
SRR12212415	-16.83368519604784	-8.247337501160843	-5.062677841853141	2.638454909724085	0.322940256748315	SRR12212415	old	/home/margaret/Documents/mouse_oocyte_project/star/SRR12212415.Aligned.sortedByCoord.out.bam	SRR12212415	old	GSM4669709	SAMN15520646	SRX8723019	old	GSM4669709	germinal vesicle (GV) oocyte	germinal vesicle (GV)	GSM4669709	oGV_16A	oGV_16A	SN
SRR12212416	-1.3095864674326987	-19.885756525006844	2.085946547758102	5.974542454341602	7.63400893643477	SRR12212416	old	/home/margaret/Documents/mouse_oocyte_project/star/SRR12212416.Aligned.sortedByCoord.out.bam	SRR12212416	old	GSM4669710	SAMN15520645	SRX8723020	old	GSM4669710	germinal vesicle (GV) oocyte	germinal vesicle (GV)	GSM4669710	oGV_16	oGV_16	SN
SRR12212417	-2.7601291920001043	-4.1595792424212314	1.5568814900286316	-7.975621208184048	-0.525069048600231	SRR12212417	old	/home/margaret/Documents/mouse_oocyte_project/star/SRR12212417.Aligned.sortedByCoord.out.bam	SRR12212417	old	GSM4669711	SAMN15520644	SRX8723021	old	GSM4669711	germinal vesicle (GV) oocyte	germinal vesicle (GV)	GSM4669711	oGV_25A	oGV_25A	SN
SRR12212418	-18.716463611578337	-0.15230191927293685	5.773992672770027	7.794451096071338	-17.35135128506657	SRR12212418	old	/home/margaret/Documents/mouse_oocyte_project/star/SRR12212418.Aligned.sortedByCoord.out.bam	SRR12212418	old	GSM4669712	SAMN15520602	SRX8723022	old	GSM4669712	germinal vesicle (GV) oocyte	germinal vesicle (GV)	GSM4669712	oGV_25	oGV_25	SN
SRR12212419	21.86731649742911	2.205152456355321	2.060711813842295	-7.538854568235645	-11.674884875861096	SRR12212419	old	/home/margaret/Documents/mouse_oocyte_project/star/SRR12212419.Aligned.sortedByCoord.out.bam	SRR12212419	old	GSM4669713	SAMN15520601	SRX8723023	old	GSM4669713	germinal vesicle (GV) oocyte	germinal vesicle (GV)	GSM4669713	oGV_26A	oGV_26A	NSN
SRR12212420	-19.57502703394134	-1.7329877239426743	5.375374780270889	4.282427768796803	-14.769177640098222	SRR12212420	old	/home/margaret/Documents/mouse_oocyte_project/star/SRR12212420.Aligned.sortedByCoord.out.bam	SRR12212420	old	GSM4669714	SAMN15520643	SRX8723024	old	GSM4669714	germinal vesicle (GV) oocyte	germinal vesicle (GV)	GSM4669714	oGV_26	oGV_26	SN
SRR12212421	22.8616318291139	6.15004924480599	-5.588955517803921	0.29337113170232243	-8.128591379759241	SRR12212421	old	/home/margaret/Documents/mouse_oocyte_project/star/SRR12212421.Aligned.sortedByCoord.out.bam	SRR12212421	old	GSM4669715	SAMN15520642	SRX8723025	old	GSM4669715	germinal vesicle (GV) oocyte	germinal vesicle (GV)	GSM4669715	oGV_27A	oGV_27A	NSN
SRR12212422	-4.984642249680355	8.065189602924345	-0.063922414034553	-7.773780926493297	-5.8379448685661846	SRR12212422	old	/home/margaret/Documents/mouse_oocyte_project/star/SRR12212422.Aligned.sortedByCoord.out.bam	SRR12212422	old	GSM4669716	SAMN15520641	SRX8723026	old	GSM4669716	germinal vesicle (GV) oocyte	germinal vesicle (GV)	GSM4669716	oGV_27	oGV_27	SN
SRR12212423	24.334268877804682	6.877757181406838	-0.4031371519631959	-0.09009759852599573	-8.709562107549235	SRR12212423	old	/home/margaret/Documents/mouse_oocyte_project/star/SRR12212423.Aligned.sortedByCoord.out.bam	SRR12212423	old	GSM4669717	SAMN15520640	SRX8723027	old	GSM4669717	germinal vesicle (GV) oocyte	germinal vesicle (GV)	GSM4669717	oGV_28A	oGV_28A	NSN
SRR12212424	-6.991075466955884	6.420501604050194	5.252575375013338	1.5640379223329477	-8.23422106486673	SRR12212424	old	/home/margaret/Documents/mouse_oocyte_project/star/SRR12212424.Aligned.sortedByCoord.out.bam	SRR12212424	old	GSM4669718	SAMN15520639	SRX8723028	old	GSM4669718	germinal vesicle (GV) oocyte	germinal vesicle (GV)	GSM4669718	oGV_28	oGV_28	SN
SRR12212425	-12.027826344819491	0.2735233429053623	-7.655651720719156	1.0274988103826408	-3.3890143556507923	SRR12212425	old	/home/margaret/Documents/mouse_oocyte_project/star/SRR12212425.Aligned.sortedByCoord.out.bam	SRR12212425	old	GSM4669719	SAMN15520638	SRX8723029	old	GSM4669719	germinal vesicle (GV) oocyte	germinal vesicle (GV)	GSM4669719	oGV_29A	oGV_29A	SN
SRR12212426	-10.252625606418912	4.001156549382982	-2.813796764299331	-0.08858092002097623	-6.677114741483053	SRR12212426	old	/home/margaret/Documents/mouse_oocyte_project/star/SRR12212426.Aligned.sortedByCoord.out.bam	SRR12212426	old	GSM4669720	SAMN15520637	SRX8723030	old	GSM4669720	germinal vesicle (GV) oocyte	germinal vesicle (GV)	GSM4669720	oGV_29	oGV_29	SN
SRR12212427	0.21144373199645372	3.5323138926899325	-11.433343127640793	0.23208571671718434	-0.0010255085042591634	SRR12212427	old	/home/margaret/Documents/mouse_oocyte_project/star/SRR12212427.Aligned.sortedByCoord.out.bam	SRR12212427	old	GSM4669721	SAMN15520636	SRX8723031	old	GSM4669721	germinal vesicle (GV) oocyte	germinal vesicle (GV)	GSM4669721	oGV_30A	oGV_30A	SN
SRR12212428	-15.728251632776407	2.541702041697109	-4.093991499158246	3.3051243831561457	-9.463858479228236	SRR12212428	old	/home/margaret/Documents/mouse_oocyte_project/star/SRR12212428.Aligned.sortedByCoord.out.bam	SRR12212428	old	GSM4669722	SAMN15520635	SRX8723032	old	GSM4669722	germinal vesicle (GV) oocyte	germinal vesicle (GV)	GSM4669722	oGV_30	oGV_30	SN
SRR12212429	-6.407016353398086	3.7139034208287085	-4.122668787020981	12.095960908200148	5.627390307259035	SRR12212429	old	/home/margaret/Documents/mouse_oocyte_project/star/SRR12212429.Aligned.sortedByCoord.out.bam	SRR12212429	old	GSM4669723	SAMN15520634	SRX8723033	old	GSM4669723	germinal vesicle (GV) oocyte	germinal vesicle (GV)	GSM4669723	oGV_31A	oGV_31A	SN
SRR12212430	-23.096905611400427	4.699037773540164	6.272882627252822	8.084918695268806	-18.1671451091312	SRR12212430	old	/home/margaret/Documents/mouse_oocyte_project/star/SRR12212430.Aligned.sortedByCoord.out.bam	SRR12212430	old	GSM4669724	SAMN15520633	SRX8723034	old	GSM4669724	germinal vesicle (GV) oocyte	germinal vesicle (GV)	GSM4669724	oGV_31	oGV_31	SN
SRR12212431	-0.6087681665356593	-3.9496162965227684	25.932570538317627	-11.32011643273943	8.335706510213958	SRR12212431	old	/home/margaret/Documents/mouse_oocyte_project/star/SRR12212431.Aligned.sortedByCoord.out.bam	SRR12212431	old	GSM4669725	SAMN15520621	SRX8723035	old	GSM4669725	germinal vesicle (GV) oocyte	germinal vesicle (GV)	GSM4669725	oGV_41A	oGV_41A	SN
SRR12212432	21.0174696085348	-3.4414450934055476	4.815455399069861	4.820278951899681	-2.347613257073368	SRR12212432	old	/home/margaret/Documents/mouse_oocyte_project/star/SRR12212432.Aligned.sortedByCoord.out.bam	SRR12212432	old	GSM4669726	SAMN15520619	SRX8723036	old	GSM4669726	germinal vesicle (GV) oocyte	germinal vesicle (GV)	GSM4669726	oGV_41	oGV_41	NSN
SRR12212433	-4.058001298618967	-9.044446249320576	32.220302388559944	-6.269506366709722	15.025794310452712	SRR12212433	old	/home/margaret/Documents/mouse_oocyte_project/star/SRR12212433.Aligned.sortedByCoord.out.bam	SRR12212433	old	GSM4669727	SAMN15520618	SRX8723037	old	GSM4669727	germinal vesicle (GV) oocyte	germinal vesicle (GV)	GSM4669727	oGV_42A	oGV_42A	SN
SRR12212434	-6.197723123086931	-5.2016488640811325	6.0955739764441965	6.150424667640759	7.0364948807991246	SRR12212434	old	/home/margaret/Documents/mouse_oocyte_project/star/SRR12212434.Aligned.sortedByCoord.out.bam	SRR12212434	old	GSM4669728	SAMN15520617	SRX8723038	old	GSM4669728	germinal vesicle (GV) oocyte	germinal vesicle (GV)	GSM4669728	oGV_42	oGV_42	SN
SRR12212435	-14.799562292753029	-9.018418871843952	3.734189136835045	-0.8406114701740304	-3.9754587372526977	SRR12212435	old	/home/margaret/Documents/mouse_oocyte_project/star/SRR12212435.Aligned.sortedByCoord.out.bam	SRR12212435	old	GSM4669729	SAMN15520616	SRX8723039	old	GSM4669729	germinal vesicle (GV) oocyte	germinal vesicle (GV)	GSM4669729	oGV_43A	oGV_43A	SN
SRR12212436	-1.1553962522936183	-6.24985579906657	0.20668081493771262	-0.8479826726457064	4.780049715688856	SRR12212436	old	/home/margaret/Documents/mouse_oocyte_project/star/SRR12212436.Aligned.sortedByCoord.out.bam	SRR12212436	old	GSM4669730	SAMN15520615	SRX8723040	old	GSM4669730	germinal vesicle (GV) oocyte	germinal vesicle (GV)	GSM4669730	oGV_43	oGV_43	SN
SRR12212437	-15.633291104749967	-14.76227442705038	1.6491066740228886	0.5926695825304069	-5.8219326219696255	SRR12212437	old	/home/margaret/Documents/mouse_oocyte_project/star/SRR12212437.Aligned.sortedByCoord.out.bam	SRR12212437	old	GSM4669731	SAMN15520614	SRX8723041	old	GSM4669731	germinal vesicle (GV) oocyte	germinal vesicle (GV)	GSM4669731	oGV_44A	oGV_44A	SN
SRR12212438	5.585290970858348	-1.906682088544171	-0.6895236206836087	6.146618162821311	3.3572797408923507	SRR12212438	old	/home/margaret/Documents/mouse_oocyte_project/star/SRR12212438.Aligned.sortedByCoord.out.bam	SRR12212438	old	GSM4669732	SAMN15520613	SRX8723042	old	GSM4669732	germinal vesicle (GV) oocyte	germinal vesicle (GV)	GSM4669732	oGV_44	oGV_44	SN
SRR12212439	-3.5053099062196966	-5.910740310958541	0.633683280351449	-2.2326182428869092	4.483951542575502	SRR12212439	old	/home/margaret/Documents/mouse_oocyte_project/star/SRR12212439.Aligned.sortedByCoord.out.bam	SRR12212439	old	GSM4669733	SAMN15520612	SRX8723043	old	GSM4669733	germinal vesicle (GV) oocyte	germinal vesicle (GV)	GSM4669733	oGV_45A	oGV_45A	SN
SRR12212440	-2.7953396291090096	-5.382184244247911	-6.582243442204119	6.222952397075742	13.09585750291898	SRR12212440	old	/home/margaret/Documents/mouse_oocyte_project/star/SRR12212440.Aligned.sortedByCoord.out.bam	SRR12212440	old	GSM4669734	SAMN15520611	SRX8723044	old	GSM4669734	germinal vesicle (GV) oocyte	germinal vesicle (GV)	GSM4669734	oGV_45	oGV_45	SN
SRR12212441	-1.1702734615014856	-11.218996386624667	0.021896141935311492	-1.2116044802102808	2.35943864238317	SRR12212441	old	/home/margaret/Documents/mouse_oocyte_project/star/SRR12212441.Aligned.sortedByCoord.out.bam	SRR12212441	old	GSM4669735	SAMN15520610	SRX8723045	old	GSM4669735	germinal vesicle (GV) oocyte	germinal vesicle (GV)	GSM4669735	oGV_46A	oGV_46A	SN
SRR12212442	28.86350432800394	-3.7787086791031954	-3.3962672995266048	10.417621489746743	-7.195124471645436	SRR12212442	old	/home/margaret/Documents/mouse_oocyte_project/star/SRR12212442.Aligned.sortedByCoord.out.bam	SRR12212442	old	GSM4669736	SAMN15520609	SRX8723046	old	GSM4669736	germinal vesicle (GV) oocyte	germinal vesicle (GV)	GSM4669736	oGV_46	oGV_46	NSN
SRR12212443	3.397202099107097	-11.162825385136959	11.857503972841519	-2.85858840569045	6.065242707929448	SRR12212443	old	/home/margaret/Documents/mouse_oocyte_project/star/SRR12212443.Aligned.sortedByCoord.out.bam	SRR12212443	old	GSM4669737	SAMN15520608	SRX8723047	old	GSM4669737	germinal vesicle (GV) oocyte	germinal vesicle (GV)	GSM4669737	oGV_47A	oGV_47A	SN
SRR12212444	18.74227275753379	-5.356550572880554	-2.142403486504471	12.113556017184623	3.8672934720677814	SRR12212444	old	/home/margaret/Documents/mouse_oocyte_project/star/SRR12212444.Aligned.sortedByCoord.out.bam	SRR12212444	old	GSM4669738	SAMN15520607	SRX8723048	old	GSM4669738	germinal vesicle (GV) oocyte	germinal vesicle (GV)	GSM4669738	oGV_47	oGV_47	NSN
SRR12212445	11.811582889022466	-66.61212422562039	-3.958159591579191	5.164807331194373	-7.584181239597312	SRR12212445	old	/home/margaret/Documents/mouse_oocyte_project/star/SRR12212445.Aligned.sortedByCoord.out.bam	SRR12212445	old	GSM4669739	SAMN15520606	SRX8723049	old	GSM4669739	germinal vesicle (GV) oocyte	germinal vesicle (GV)	GSM4669739	oGV_48A	oGV_48A	NA
SRR12212446	-7.451680444529962	-2.6088527624668827	0.18656534346487821	10.591704566138544	5.7470208775516065	SRR12212446	old	/home/margaret/Documents/mouse_oocyte_project/star/SRR12212446.Aligned.sortedByCoord.out.bam	SRR12212446	old	GSM4669740	SAMN15520605	SRX8723050	old	GSM4669740	germinal vesicle (GV) oocyte	germinal vesicle (GV)	GSM4669740	oGV_48	oGV_48	SN
SRR12212447	-6.827894686171612	-5.633712664535351	-2.8669583706372057	-15.847705636179136	-0.2975344403856063	SRR12212447	old	/home/margaret/Documents/mouse_oocyte_project/star/SRR12212447.Aligned.sortedByCoord.out.bam	SRR12212447	old	GSM4669741	SAMN15520604	SRX8723051	old	GSM4669741	germinal vesicle (GV) oocyte	germinal vesicle (GV)	GSM4669741	oGV_9A	oGV_9A	SN
SRR12212448	-12.679169945667889	9.675273385283907	16.26762168162637	10.127442805128434	-10.651180658869416	SRR12212448	old	/home/margaret/Documents/mouse_oocyte_project/star/SRR12212448.Aligned.sortedByCoord.out.bam	SRR12212448	old	GSM4669742	SAMN15520603	SRX8723052	old	GSM4669742	germinal vesicle (GV) oocyte	germinal vesicle (GV)	GSM4669742	oGV_9	oGV_9	SN
SRR12212449	-8.604480978356762	-0.3432495116840208	3.254330312987642	-2.9391260858740282	-3.8316641002437124	SRR12212449	young	/home/margaret/Documents/mouse_oocyte_project/star/SRR12212449.Aligned.sortedByCoord.out.bam	SRR12212449	young	GSM4669743	SAMN15520686	SRX8723053	young	GSM4669743	germinal vesicle (GV) oocyte	germinal vesicle (GV)	GSM4669743	yGV_17A	yGV_17A	SN
SRR12212450	7.883064807618033	3.935367004101631	12.183590674812931	-3.4204068124169154	2.245713446816766	SRR12212450	young	/home/margaret/Documents/mouse_oocyte_project/star/SRR12212450.Aligned.sortedByCoord.out.bam	SRR12212450	young	GSM4669744	SAMN15520685	SRX8723054	young	GSM4669744	germinal vesicle (GV) oocyte	germinal vesicle (GV)	GSM4669744	yGV_17	yGV_17	SN
SRR12212451	-4.615119531769823	1.5965188914454085	2.6300698954736688	1.6693200413611269	-0.2908819237260978	SRR12212451	young	/home/margaret/Documents/mouse_oocyte_project/star/SRR12212451.Aligned.sortedByCoord.out.bam	SRR12212451	young	GSM4669745	SAMN15520684	SRX8723055	young	GSM4669745	germinal vesicle (GV) oocyte	germinal vesicle (GV)	GSM4669745	yGV_18A	yGV_18A	SN
SRR12212452	-4.625885742447712	1.6234868157747522	18.69127820116243	-0.2512900320335146	-0.36653247783771437	SRR12212452	young	/home/margaret/Documents/mouse_oocyte_project/star/SRR12212452.Aligned.sortedByCoord.out.bam	SRR12212452	young	GSM4669746	SAMN15520683	SRX8723056	young	GSM4669746	germinal vesicle (GV) oocyte	germinal vesicle (GV)	GSM4669746	yGV_18	yGV_18	SN
SRR12212453	2.166467343622782	-0.37752790193485514	-3.741264908503997	-4.884371453463526	0.6438836536216818	SRR12212453	young	/home/margaret/Documents/mouse_oocyte_project/star/SRR12212453.Aligned.sortedByCoord.out.bam	SRR12212453	young	GSM4669747	SAMN15520682	SRX8723057	young	GSM4669747	germinal vesicle (GV) oocyte	germinal vesicle (GV)	GSM4669747	yGV_19A	yGV_19A	SN
SRR12212454	-3.1864266850694647	1.8219364465559014	0.5133447723205355	-0.8523738659709866	0.4598697550417466	SRR12212454	young	/home/margaret/Documents/mouse_oocyte_project/star/SRR12212454.Aligned.sortedByCoord.out.bam	SRR12212454	young	GSM4669748	SAMN15520681	SRX8723058	young	GSM4669748	germinal vesicle (GV) oocyte	germinal vesicle (GV)	GSM4669748	yGV_19	yGV_19	SN
SRR12212455	8.890054043706632	-0.3419074022419965	-10.903289482573104	-20.4206840211843	-7.909939348438088	SRR12212455	young	/home/margaret/Documents/mouse_oocyte_project/star/SRR12212455.Aligned.sortedByCoord.out.bam	SRR12212455	young	GSM4669749	SAMN15520680	SRX8723059	young	GSM4669749	germinal vesicle (GV) oocyte	germinal vesicle (GV)	GSM4669749	yGV_1A	yGV_1A	NSN
SRR12212456	1.4386265900252875	3.3753880698461716	18.736066538114624	-8.896396466279986	0.6370848488512184	SRR12212456	young	/home/margaret/Documents/mouse_oocyte_project/star/SRR12212456.Aligned.sortedByCoord.out.bam	SRR12212456	young	GSM4669750	SAMN15520679	SRX8723060	young	GSM4669750	germinal vesicle (GV) oocyte	germinal vesicle (GV)	GSM4669750	yGV_1	yGV_1	SN
SRR12212457	-4.835149592424175	0.757730441457176	-5.245213467150074	-0.4824268715169684	-2.0162274786401087	SRR12212457	young	/home/margaret/Documents/mouse_oocyte_project/star/SRR12212457.Aligned.sortedByCoord.out.bam	SRR12212457	young	GSM4669751	SAMN15520678	SRX8723061	young	GSM4669751	germinal vesicle (GV) oocyte	germinal vesicle (GV)	GSM4669751	yGV_20A	yGV_20A	SN
SRR12212458	0.1117365561108402	4.671082317801383	-3.7033569829879953	2.527512042585588	4.265541438933392	SRR12212458	young	/home/margaret/Documents/mouse_oocyte_project/star/SRR12212458.Aligned.sortedByCoord.out.bam	SRR12212458	young	GSM4669752	SAMN15520677	SRX8723062	young	GSM4669752	germinal vesicle (GV) oocyte	germinal vesicle (GV)	GSM4669752	yGV_20	yGV_20	SN
SRR12212459	-5.991302467023075	-0.7156791704182004	-6.013081522449704	0.19728094822986955	-1.6641527081513898	SRR12212459	young	/home/margaret/Documents/mouse_oocyte_project/star/SRR12212459.Aligned.sortedByCoord.out.bam	SRR12212459	young	GSM4669753	SAMN15520676	SRX8723063	young	GSM4669753	germinal vesicle (GV) oocyte	germinal vesicle (GV)	GSM4669753	yGV_21A	yGV_21A	SN
SRR12212460	28.085110923884724	4.754991982114648	-8.04375839026275	7.253968730771398	-5.599172685905891	SRR12212460	young	/home/margaret/Documents/mouse_oocyte_project/star/SRR12212460.Aligned.sortedByCoord.out.bam	SRR12212460	young	GSM4669754	SAMN15520675	SRX8723064	young	GSM4669754	germinal vesicle (GV) oocyte	germinal vesicle (GV)	GSM4669754	yGV_21	yGV_21	NSN
SRR12212461	10.798162312218688	2.5314988407909307	-6.778429061074138	-0.6038495428607906	-1.68076667996209	SRR12212461	young	/home/margaret/Documents/mouse_oocyte_project/star/SRR12212461.Aligned.sortedByCoord.out.bam	SRR12212461	young	GSM4669755	SAMN15520674	SRX8723065	young	GSM4669755	germinal vesicle (GV) oocyte	germinal vesicle (GV)	GSM4669755	yGV_22A	yGV_22A	NSN
SRR12212462	15.531001201300331	3.7210302038704928	-6.493899578253236	7.259289810988922	3.690407932310427	SRR12212462	young	/home/margaret/Documents/mouse_oocyte_project/star/SRR12212462.Aligned.sortedByCoord.out.bam	SRR12212462	young	GSM4669756	SAMN15520671	SRX8723066	young	GSM4669756	germinal vesicle (GV) oocyte	germinal vesicle (GV)	GSM4669756	yGV_22	yGV_22	NSN
SRR12212463	7.87659605126435	6.925097172786787	1.824567880870994	4.641262469879611	8.70420994101973	SRR12212463	young	/home/margaret/Documents/mouse_oocyte_project/star/SRR12212463.Aligned.sortedByCoord.out.bam	SRR12212463	young	GSM4669757	SAMN15520669	SRX8723067	young	GSM4669757	germinal vesicle (GV) oocyte	germinal vesicle (GV)	GSM4669757	yGV_23	yGV_23	NSN
SRR12212464	5.906537956209416	-0.5797998582699275	-10.345254218438265	3.400412867715767	3.93148664813447	SRR12212464	young	/home/margaret/Documents/mouse_oocyte_project/star/SRR12212464.Aligned.sortedByCoord.out.bam	SRR12212464	young	GSM4669758	SAMN15520668	SRX8723068	young	GSM4669758	germinal vesicle (GV) oocyte	germinal vesicle (GV)	GSM4669758	yGV_24A	yGV_24A	NSN
SRR12212465	3.5796753657184563	1.2551027466198659	-0.5006649308148056	3.5664461933160054	4.681481786421024	SRR12212465	young	/home/margaret/Documents/mouse_oocyte_project/star/SRR12212465.Aligned.sortedByCoord.out.bam	SRR12212465	young	GSM4669759	SAMN15520667	SRX8723069	young	GSM4669759	germinal vesicle (GV) oocyte	germinal vesicle (GV)	GSM4669759	yGV_24	yGV_24	SN
SRR12212466	-5.632613912352709	3.050704677738767	-3.4235621083374164	-10.470098172275065	3.250061273112258	SRR12212466	young	/home/margaret/Documents/mouse_oocyte_project/star/SRR12212466.Aligned.sortedByCoord.out.bam	SRR12212466	young	GSM4669760	SAMN15520666	SRX8723070	young	GSM4669760	germinal vesicle (GV) oocyte	germinal vesicle (GV)	GSM4669760	yGV_2A	yGV_2A	SN
SRR12212467	2.2134280326591305	7.899266207221353	17.64960386337976	-6.06199379683455	6.001700591331436	SRR12212467	young	/home/margaret/Documents/mouse_oocyte_project/star/SRR12212467.Aligned.sortedByCoord.out.bam	SRR12212467	young	GSM4669761	SAMN15520665	SRX8723071	young	GSM4669761	germinal vesicle (GV) oocyte	germinal vesicle (GV)	GSM4669761	yGV_2	yGV_2	SN
SRR12212468	26.087824387090844	3.9307362697862085	11.072483084279693	-5.1815400954890105	-12.649641001403749	SRR12212468	young	/home/margaret/Documents/mouse_oocyte_project/star/SRR12212468.Aligned.sortedByCoord.out.bam	SRR12212468	young	GSM4669762	SAMN15520664	SRX8723072	young	GSM4669762	germinal vesicle (GV) oocyte	germinal vesicle (GV)	GSM4669762	yGV_33A	yGV_33A	NSN
SRR12212469	17.208891103107362	-0.4163703455101282	6.361574762881119	-2.659293633539681	-6.394379836563835	SRR12212469	young	/home/margaret/Documents/mouse_oocyte_project/star/SRR12212469.Aligned.sortedByCoord.out.bam	SRR12212469	young	GSM4669763	SAMN15520663	SRX8723073	young	GSM4669763	germinal vesicle (GV) oocyte	germinal vesicle (GV)	GSM4669763	yGV_33	yGV_33	NSN
SRR12212470	11.08522451399894	4.731836550731786	18.337749922089646	-2.1730883147704443	3.571221417245397	SRR12212470	young	/home/margaret/Documents/mouse_oocyte_project/star/SRR12212470.Aligned.sortedByCoord.out.bam	SRR12212470	young	GSM4669764	SAMN15520662	SRX8723074	young	GSM4669764	germinal vesicle (GV) oocyte	germinal vesicle (GV)	GSM4669764	yGV_34A	yGV_34A	NSN
SRR12212471	2.592812038060367	1.6809445674229377	6.718210650774492	-1.899528386406265	1.3130612776662458	SRR12212471	young	/home/margaret/Documents/mouse_oocyte_project/star/SRR12212471.Aligned.sortedByCoord.out.bam	SRR12212471	young	GSM4669765	SAMN15520661	SRX8723075	young	GSM4669765	germinal vesicle (GV) oocyte	germinal vesicle (GV)	GSM4669765	yGV_34	yGV_34	SN
SRR12212472	10.79718316595756	0.8200953275322235	5.037372148356399	-7.837750500544762	-4.157833390033381	SRR12212472	young	/home/margaret/Documents/mouse_oocyte_project/star/SRR12212472.Aligned.sortedByCoord.out.bam	SRR12212472	young	GSM4669766	SAMN15520660	SRX8723076	young	GSM4669766	germinal vesicle (GV) oocyte	germinal vesicle (GV)	GSM4669766	yGV_35A	yGV_35A	NSN
SRR12212473	-3.589899683015482	-4.625472508746376	-2.843659655870614	-3.402260960375319	2.5657532857951995	SRR12212473	young	/home/margaret/Documents/mouse_oocyte_project/star/SRR12212473.Aligned.sortedByCoord.out.bam	SRR12212473	young	GSM4669767	SAMN15520659	SRX8723077	young	GSM4669767	germinal vesicle (GV) oocyte	germinal vesicle (GV)	GSM4669767	yGV_35	yGV_35	SN
SRR12212474	7.317788359635163	-1.266147442616451	1.6683736482377234	-3.8632972413711393	-0.38256630310046474	SRR12212474	young	/home/margaret/Documents/mouse_oocyte_project/star/SRR12212474.Aligned.sortedByCoord.out.bam	SRR12212474	young	GSM4669768	SAMN15520658	SRX8723078	young	GSM4669768	germinal vesicle (GV) oocyte	germinal vesicle (GV)	GSM4669768	yGV_36A	yGV_36A	SN
SRR12212475	-5.215196749357397	-2.223799143569162	-1.504289814693473	3.1225288269231735	-3.9845042650979843	SRR12212475	young	/home/margaret/Documents/mouse_oocyte_project/star/SRR12212475.Aligned.sortedByCoord.out.bam	SRR12212475	young	GSM4669769	SAMN15520657	SRX8723079	young	GSM4669769	germinal vesicle (GV) oocyte	germinal vesicle (GV)	GSM4669769	yGV_37A	yGV_37A	SN
SRR12212476	-6.459086106507064	0.03703331013908052	-4.750035699028466	4.781217285959189	-2.7936841149769047	SRR12212476	young	/home/margaret/Documents/mouse_oocyte_project/star/SRR12212476.Aligned.sortedByCoord.out.bam	SRR12212476	young	GSM4669770	SAMN15520656	SRX8723080	young	GSM4669770	germinal vesicle (GV) oocyte	germinal vesicle (GV)	GSM4669770	yGV_37	yGV_37	SN
SRR12212477	10.483456142510848	0.5658920940135047	-3.118946066903919	-0.06737064945550857	-0.9873718223567528	SRR12212477	young	/home/margaret/Documents/mouse_oocyte_project/star/SRR12212477.Aligned.sortedByCoord.out.bam	SRR12212477	young	GSM4669771	SAMN15520655	SRX8723081	young	GSM4669771	germinal vesicle (GV) oocyte	germinal vesicle (GV)	GSM4669771	yGV_38A	yGV_38A	NSN
SRR12212478	10.749541290321117	2.097647035179604	-7.976825868706018	5.167285176968331	6.262945269484929	SRR12212478	young	/home/margaret/Documents/mouse_oocyte_project/star/SRR12212478.Aligned.sortedByCoord.out.bam	SRR12212478	young	GSM4669772	SAMN15520654	SRX8723082	young	GSM4669772	germinal vesicle (GV) oocyte	germinal vesicle (GV)	GSM4669772	yGV_38	yGV_38	NSN
SRR12212479	2.116483479488509	-1.4554080021057114	-4.560951408291248	2.9755383604589896	4.349026129781124	SRR12212479	young	/home/margaret/Documents/mouse_oocyte_project/star/SRR12212479.Aligned.sortedByCoord.out.bam	SRR12212479	young	GSM4669773	SAMN15520653	SRX8723083	young	GSM4669773	germinal vesicle (GV) oocyte	germinal vesicle (GV)	GSM4669773	yGV_39A	yGV_39A	SN
SRR12212480	-2.7554418975336934	3.8876262498606122	-3.5651384429859676	10.090781886649532	7.84427161212131	SRR12212480	young	/home/margaret/Documents/mouse_oocyte_project/star/SRR12212480.Aligned.sortedByCoord.out.bam	SRR12212480	young	GSM4669774	SAMN15520652	SRX8723084	young	GSM4669774	germinal vesicle (GV) oocyte	germinal vesicle (GV)	GSM4669774	yGV_39	yGV_39	SN
SRR12212481	-5.413784067892166	1.2567168395785	-9.834480902527943	-13.335358752211194	-0.17418612440744125	SRR12212481	young	/home/margaret/Documents/mouse_oocyte_project/star/SRR12212481.Aligned.sortedByCoord.out.bam	SRR12212481	young	GSM4669775	SAMN15520651	SRX8723085	young	GSM4669775	germinal vesicle (GV) oocyte	germinal vesicle (GV)	GSM4669775	yGV_3A	yGV_3A	SN
SRR12212482	2.2508582629751523	6.697823530091546	4.41483750296811	-2.679726748799503	1.6352167968756877	SRR12212482	young	/home/margaret/Documents/mouse_oocyte_project/star/SRR12212482.Aligned.sortedByCoord.out.bam	SRR12212482	young	GSM4669776	SAMN15520650	SRX8723086	young	GSM4669776	germinal vesicle (GV) oocyte	germinal vesicle (GV)	GSM4669776	yGV_3	yGV_3	SN
SRR12212483	-8.361100897747315	2.0473171827962724	-14.768941965615152	-10.683771925032769	-0.3248342911438461	SRR12212483	young	/home/margaret/Documents/mouse_oocyte_project/star/SRR12212483.Aligned.sortedByCoord.out.bam	SRR12212483	young	GSM4669777	SAMN15520649	SRX8723087	young	GSM4669777	germinal vesicle (GV) oocyte	germinal vesicle (GV)	GSM4669777	yGV_4A	yGV_4A	SN
SRR12212484	-8.844826312908955	5.033566894061998	-2.9313089653077475	3.3713865686611926	-0.2871012703378523	SRR12212484	young	/home/margaret/Documents/mouse_oocyte_project/star/SRR12212484.Aligned.sortedByCoord.out.bam	SRR12212484	young	GSM4669778	SAMN15520694	SRX8723088	young	GSM4669778	germinal vesicle (GV) oocyte	germinal vesicle (GV)	GSM4669778	yGV_4	yGV_4	SN
SRR12212485	-4.077246384914555	5.089700461097995	-17.508854448055835	-7.595888237159613	2.311397227197187	SRR12212485	young	/home/margaret/Documents/mouse_oocyte_project/star/SRR12212485.Aligned.sortedByCoord.out.bam	SRR12212485	young	GSM4669779	SAMN15520693	SRX8723089	young	GSM4669779	germinal vesicle (GV) oocyte	germinal vesicle (GV)	GSM4669779	yGV_5A	yGV_5A	SN
SRR12212486	-3.7127296906213836	6.964812497353446	-3.371669071416705	4.397232369951181	4.745308552675453	SRR12212486	young	/home/margaret/Documents/mouse_oocyte_project/star/SRR12212486.Aligned.sortedByCoord.out.bam	SRR12212486	young	GSM4669780	SAMN15520691	SRX8723090	young	GSM4669780	germinal vesicle (GV) oocyte	germinal vesicle (GV)	GSM4669780	yGV_5	yGV_5	SN
SRR12212487	-5.4807662088708815	1.5825340847459075	-11.944565253424566	-4.220503470277021	6.500694159951926	SRR12212487	young	/home/margaret/Documents/mouse_oocyte_project/star/SRR12212487.Aligned.sortedByCoord.out.bam	SRR12212487	young	GSM4669781	SAMN15520690	SRX8723091	young	GSM4669781	germinal vesicle (GV) oocyte	germinal vesicle (GV)	GSM4669781	yGV_6A	yGV_6A	SN
SRR12212488	-8.735502332915445	6.938565878214766	-0.3811258033060739	8.429891419514892	-2.0331177865404912	SRR12212488	young	/home/margaret/Documents/mouse_oocyte_project/star/SRR12212488.Aligned.sortedByCoord.out.bam	SRR12212488	young	GSM4669782	SAMN15520689	SRX8723092	young	GSM4669782	germinal vesicle (GV) oocyte	germinal vesicle (GV)	GSM4669782	yGV_6	yGV_6	SN
SRR12212489	0.7553157487449028	1.9495344670642454	-16.04655409892554	-2.3326174315949757	4.479918527130803	SRR12212489	young	/home/margaret/Documents/mouse_oocyte_project/star/SRR12212489.Aligned.sortedByCoord.out.bam	SRR12212489	young	GSM4669783	SAMN15520688	SRX8723093	young	GSM4669783	germinal vesicle (GV) oocyte	germinal vesicle (GV)	GSM4669783	yGV_7A	yGV_7A	SN
SRR12212490	-6.058553319983627	9.185268501623794	3.730011144440523	10.971871006171474	5.791841039452672	SRR12212490	young	/home/margaret/Documents/mouse_oocyte_project/star/SRR12212490.Aligned.sortedByCoord.out.bam	SRR12212490	young	GSM4669784	SAMN15520687	SRX8723094	young	GSM4669784	germinal vesicle (GV) oocyte	germinal vesicle (GV)	GSM4669784	yGV_7	yGV_7	SN
